target,model,candidate,coefficient
A,OLS_top50,temporal_calibration::temporal_validation_calibration::external:HistGBR:QuantileMappedClipped,8.2137109201225
A,OLS_top50,temporal_calibration::temporal_validation_calibration::external:HistGBR:QuantileMapped,8.213710920119057
A,OLS_top50,temporal_calibration::temporal_validation_calibration::innovation:LightGBM:QuantileMappedClipped,-5.86876757938669
A,OLS_top50,temporal_calibration::temporal_validation_calibration::innovation:LightGBM:QuantileMapped,-5.868767579387262
A,OLS_top50,spatial_quantile::grid_spatial_quantile::Grid6_Q90,-30.54647730453567
A,OLS_top50,spatial_quantile::grid_spatial_quantile::Grid6_Q95,30.861309213752964
A,OLS_top50,temporal_calibration::temporal_validation_calibration::innovation:HistGBR:QuantileMappedClipped,-5.691942349865913
A,OLS_top50,temporal_calibration::temporal_validation_calibration::innovation:HistGBR:QuantileMapped,-5.691942349867455
A,OLS_top50,temporal_calibration::temporal_validation_calibration::multitask_latent:Latent_PLSR:QuantileMappedClipped,-0.9393576743168348
A,OLS_top50,temporal_calibration::temporal_validation_calibration::multitask_latent:Latent_PLSR:QuantileMapped,-0.9393576743188043
A,OLS_top50,spatial_quantile::grid_spatial_quantile::Grid6_Q96,-15.25936659101197
A,OLS_top50,temporal_calibration::temporal_validation_calibration::external:HistGBR:MeanStdMappedClipped,4.203694918366272
A,OLS_top50,temporal_calibration::temporal_validation_calibration::external:HistGBR:MeanStdMapped,-9.424536891774455
A,OLS_top50,innovation::temporal_weighted::LightGBM,11.634976754403459
A,OLS_top50,spatial_quantile::grid_spatial_quantile::Grid4_Q90,1.1483683809474103
A,OLS_top50,spatial_quantile::grid_spatial_quantile::Grid6_Q85,13.840751283668505
A,OLS_top50,primary_experiment::primary_temporal::HistGBR_raw,6.493017686959323
A,OLS_top50,temporal_calibration::temporal_validation_calibration::external:CatBoost:QuantileMappedClipped,3.9733671857134567
A,OLS_top50,temporal_calibration::temporal_validation_calibration::external:CatBoost:QuantileMapped,3.9733671857127195
A,OLS_top50,temporal_calibration::temporal_validation_calibration::innovation:HistGBR:MeanStdMappedClipped,11.190400586498834
A,OLS_top50,temporal_calibration::temporal_validation_calibration::innovation:HistGBR:MeanStdMapped,1.1285119919864848
A,OLS_top50,temporal_calibration::temporal_validation_calibration::innovation:LightGBM:MeanStdMappedClipped,3.1523596863537637
A,OLS_top50,temporal_calibration::temporal_validation_calibration::temporal_sequence:HistGBR:QuantileMappedClipped,5.741529620752659
A,OLS_top50,temporal_calibration::temporal_validation_calibration::temporal_sequence:HistGBR:QuantileMapped,5.741529620751837
A,OLS_top50,temporal_calibration::temporal_validation_calibration::spatial_distribution:HistGBR:QuantileMappedClipped,-6.989059529192466
A,OLS_top50,temporal_calibration::temporal_validation_calibration::spatial_distribution:HistGBR:QuantileMapped,-6.989059529192594
A,OLS_top50,temporal_calibration::temporal_validation_calibration::causal_history:ElasticNet:QuantileMappedClipped,-0.7600111530275263
A,OLS_top50,temporal_calibration::temporal_validation_calibration::causal_history:ElasticNet:QuantileMapped,-0.7600111530275068
A,OLS_top50,temporal_calibration::temporal_validation_calibration::innovation:LightGBM:MeanStdMapped,-7.295248479712165
A,OLS_top50,spatial_quantile::grid_spatial_quantile::Grid8_Q95,-1.8165690159335515
A,OLS_top50,spatial_quantile::grid_spatial_quantile::Grid10_Q90,-0.5914336141331644
A,OLS_top50,temporal_calibration::temporal_validation_calibration::local_analog:HistGBR:MeanStdMappedClipped,-24.007063546637184
A,OLS_top50,temporal_calibration::temporal_validation_calibration::spatial_distribution:HistGBR:MeanStdMappedClipped,6.029112534992526
A,OLS_top50,temporal_calibration::temporal_validation_calibration::spatial_distribution:HistGBR:MeanStdMapped,6.029112534992533
A,OLS_top50,spatial_quantile::grid_spatial_quantile::Grid5_Q90,2.1665513941773993
A,OLS_top50,primary_experiment::primary_temporal::XGBoost_raw,10.305425281549404
A,OLS_top50,temporal_calibration::temporal_validation_calibration::local_analog:HistGBR:MeanStdMapped,41.683623063542946
A,OLS_top50,temporal_calibration::temporal_validation_calibration::temporal_sequence:LightGBM:MeanStdMappedClipped,1.5590380347379944
A,OLS_top50,temporal_calibration::temporal_validation_calibration::temporal_sequence:HistGBR:MeanStdMappedClipped,7.7644014019445855
A,OLS_top50,temporal_calibration::temporal_validation_calibration::temporal_sequence:LightGBM:MeanStdMapped,-7.15703791606614
A,OLS_top50,temporal_calibration::temporal_validation_calibration::external:LightGBM:MeanStdMappedClipped,6.12261780633591
A,OLS_top50,temporal_calibration::temporal_validation_calibration::local_analog:XGBoost:MeanStdMappedClipped,1.785816128474947
A,OLS_top50,temporal_calibration::temporal_validation_calibration::local_analog:XGBoost:MeanStdMapped,-2.3069937367518625
A,OLS_top50,primary_experiment::primary_temporal::CatBoost_raw,-12.606759796968467
A,OLS_top50,temporal_calibration::temporal_validation_calibration::external:LightGBM:MeanStdMapped,-9.358392632314484
A,OLS_top50,temporal_calibration::temporal_validation_calibration::temporal_sequence:HistGBR:MeanStdMapped,-12.989286820104018
A,OLS_top50,temporal_calibration::temporal_validation_calibration::external:HistGBR:BiasCorrectedClipped,-4.699721481271715
A,OLS_top50,temporal_calibration::temporal_validation_calibration::external:HistGBR:BiasCorrected,-4.699721481271755
A,OLS_top50,temporal_calibration::temporal_validation_calibration::local_analog:HistGBR:QuantileMappedClipped,-14.742108149788226
A,OLS_top50,temporal_calibration::temporal_validation_calibration::local_analog:HistGBR:QuantileMapped,-14.742108149788205
B,OLS_top50,temporal_calibration::temporal_validation_calibration::local_analog:LightGBM:QuantileMappedClipped,-1.86044256734161
B,OLS_top50,temporal_calibration::temporal_validation_calibration::local_analog:LightGBM:QuantileMapped,-1.8604425692130704
B,OLS_top50,temporal_calibration::temporal_validation_calibration::quantile_gate:GateQ90_P90_pow1:QuantileMappedClipped,16.421310630159795
B,OLS_top50,temporal_calibration::temporal_validation_calibration::quantile_gate:GateQ90_P90_pow1:QuantileMapped,16.421310631785385
B,OLS_top50,temporal_calibration::temporal_validation_calibration::quantile_gate:GateQ90_P90_pow1:RawClipped,419.1991189063811
B,OLS_top50,temporal_calibration::temporal_validation_calibration::quantile_gate:GateQ90_P90_pow1:Raw,419.19911890580494
B,OLS_top50,quantile::risk_gated_quantile::GateQ90_P90_pow1,419.1991189063933
B,OLS_top50,spatial_quantile::grid_spatial_quantile::Grid10_Q60,-13.87185698575653
B,OLS_top50,temporal_calibration::temporal_validation_calibration::quantile_gate:QuantileP90:BiasCorrectedClipped,-169.43626790802654
B,OLS_top50,temporal_calibration::temporal_validation_calibration::quantile_gate:QuantileP90:QuantileMappedClipped,-6.691341676327284
B,OLS_top50,temporal_calibration::temporal_validation_calibration::quantile_gate:QuantileP90:QuantileMapped,-6.69134167616845
B,OLS_top50,temporal_calibration::temporal_validation_calibration::quantile_gate:QuantileP90:BiasCorrected,185.44741981870786
B,OLS_top50,temporal_calibration::temporal_validation_calibration::quantile_gate:GateQ90_P90_pow1:BiasCorrectedClipped,-35.735182821406696
B,OLS_top50,temporal_calibration::temporal_validation_calibration::quantile_gate:GateQ90_P90_pow1:BiasCorrected,70.68606390054059
B,OLS_top50,temporal_calibration::temporal_validation_calibration::causal_history:ExtraTrees:MeanStdMappedClipped,-7.649134880473436
B,OLS_top50,temporal_calibration::temporal_validation_calibration::causal_history:ExtraTrees:MeanStdMapped,2.0015648379724436
B,OLS_top50,spatial_quantile::grid_spatial_quantile::Grid10_Q55,5.546676731569926
B,OLS_top50,temporal_calibration::temporal_validation_calibration::causal_history:ExtraTrees:QuantileMappedClipped,5.04011916540582
B,OLS_top50,temporal_calibration::temporal_validation_calibration::causal_history:ExtraTrees:QuantileMapped,5.040119165401728
B,OLS_top50,spatial_quantile::grid_spatial_quantile::Grid10_Q75,-0.8364236552499661
B,OLS_top50,temporal_calibration::temporal_validation_calibration::quantile_gate:GateQ90_P90_pow1:LogBiasCorrectedClipped,-829.7837640113158
B,OLS_top50,temporal_calibration::temporal_validation_calibration::quantile_gate:GateQ90_P90_pow1:LogBiasCorrected,383.9641409425019
B,OLS_top50,temporal_calibration::temporal_validation_calibration::quantile_gate:GateQ90_P90_pow1:MeanStdMappedClipped,-461.58542499565635
B,OLS_top50,temporal_calibration::temporal_validation_calibration::quantile_gate:GateQ90_P90_pow1:MeanStdMapped,-628.5645826390393
B,OLS_top50,temporal_calibration::temporal_validation_calibration::quantile_gate:QuantileP90:MeanStdMappedClipped,-637.696165197515
B,OLS_top50,temporal_calibration::temporal_validation_calibration::quantile_gate:QuantileP90:MeanStdMapped,653.9994015350651
B,OLS_top50,spatial_quantile::grid_spatial_quantile::Grid10_Q50,-5.950152700257754
B,OLS_top50,temporal_calibration::temporal_validation_calibration::quantile_gate:GateQ90_P90_pow1.5:RawClipped,-273.48093812485513
B,OLS_top50,temporal_calibration::temporal_validation_calibration::quantile_gate:GateQ90_P90_pow1.5:Raw,-273.4809381248581
B,OLS_top50,quantile::risk_gated_quantile::GateQ90_P90_pow1.5,-273.48093812485115
B,OLS_top50,temporal_calibration::temporal_validation_calibration::quantile_gate:QuantileP90:LogBiasCorrectedClipped,-16.024609123952906
B,OLS_top50,temporal_calibration::temporal_validation_calibration::quantile_gate:QuantileP90:LogBiasCorrected,-17.755393644747414
B,OLS_top50,spatial_quantile::grid_spatial_quantile::Grid8_Q60,-8.58672815167101
B,OLS_top50,spatial_quantile::grid_spatial_quantile::Grid8_Q75,6.561030871697984
B,OLS_top50,target_adaptive_features::target_adaptive_features::XGBoost,4.2629882691140955
B,OLS_top50,spatial_quantile::grid_spatial_quantile::Grid10_Q45,87.03528888836448
B,OLS_top50,temporal_calibration::temporal_validation_calibration::quantile_gate:GateQ90_P90_pow1.5:MeanStdMappedClipped,443.06423265301225
B,OLS_top50,temporal_calibration::temporal_validation_calibration::quantile_gate:GateQ90_P90_pow1.5:MeanStdMapped,252.87642547709171
B,OLS_top50,temporal_calibration::temporal_validation_calibration::quantile_gate:GateQ90_P90_pow1.5:BiasCorrectedClipped,414.3807573421697
B,OLS_top50,temporal_calibration::temporal_validation_calibration::quantile_gate:GateQ90_P90_pow1.5:BiasCorrected,224.19295016722663
B,OLS_top50,spatial_quantile::grid_spatial_quantile::Grid8_Q55,-11.691785243948427
B,OLS_top50,spatial_quantile::grid_spatial_quantile::Grid10_Q40,-61.62175012801512
B,OLS_top50,temporal_calibration::temporal_validation_calibration::quantile_gate:GateQ90_P90_pow1.5:LogBiasCorrectedClipped,-252.7992286547651
B,OLS_top50,temporal_calibration::temporal_validation_calibration::quantile_gate:GateQ90_P90_pow1.5:LogBiasCorrected,-252.7992286547651
B,OLS_top50,temporal_calibration::temporal_validation_calibration::quantile_gate:GateQ90_P90_pow1.5:QuantileMappedClipped,-23.952496066028807
B,OLS_top50,temporal_calibration::temporal_validation_calibration::quantile_gate:GateQ90_P90_pow1.5:QuantileMapped,-23.952496066028807
B,OLS_top50,temporal_calibration::temporal_validation_calibration::local_analog:LightGBM:BiasCorrectedClipped,0.6623442777768742
B,OLS_top50,temporal_calibration::temporal_validation_calibration::local_analog:LightGBM:BiasCorrected,0.6623442777771726
B,OLS_top50,temporal_calibration::temporal_validation_calibration::local_analog:LightGBM:RawClipped,0.6623442786763788
B,OLS_top50,temporal_calibration::temporal_validation_calibration::local_analog:LightGBM:Raw,0.662344278557049
C,OLS_top50,spatial_quantile::knn_spatial_quantile::KNN12_Q20,-22.324462024695897
C,OLS_top50,spatial_quantile::knn_spatial_quantile::KNN12_Q15,18.348801094225497
C,OLS_top50,spatial_quantile::knn_spatial_quantile::KNN12_Q25,1.3859103447081798
C,OLS_top50,temporal_calibration::temporal_validation_calibration::local_analog:ElasticNet:QuantileMappedClipped,2.8513080211456074
C,OLS_top50,temporal_calibration::temporal_validation_calibration::local_analog:ElasticNet:QuantileMapped,2.8513080214817172
C,OLS_top50,spatial_quantile::knn_spatial_quantile::KNN12_Q30,6.831834494921694
C,OLS_top50,spatial_quantile::grid_spatial_quantile::Grid8_Q25,-40.10954542165044
C,OLS_top50,spatial_quantile::grid_spatial_quantile::Grid8_Q30,-1.643559394029648
C,OLS_top50,spatial_quantile::grid_spatial_quantile::Grid8_Q20,37.64900680530251
C,OLS_top50,spatial_quantile::knn_spatial_quantile::KNN12_Q35,-2.94261486958444
C,OLS_top50,spatial_quantile::knn_spatial_quantile::KNN8_Q15,-23.26153495406218
C,OLS_top50,spatial_quantile::knn_spatial_quantile::KNN8_Q20,13.009366777196322
C,OLS_top50,temporal_calibration::temporal_validation_calibration::local_analog:ElasticNet:RawClipped,-1.859362359118562
C,OLS_top50,temporal_calibration::temporal_validation_calibration::local_analog:ElasticNet:Raw,-1.8593623591248725
C,OLS_top50,local::local_analog_memory_ml::ElasticNet,-1.8593623590838546
C,OLS_top50,spatial_quantile::grid_spatial_quantile::Grid8_Q35,14.3694449667061
C,OLS_top50,spatial_quantile::grid_spatial_quantile::Grid8_Q15,-7.360265290706474
C,OLS_top50,temporal_calibration::temporal_validation_calibration::causal_history:XGBoost:RawClipped,-0.7598925288324436
C,OLS_top50,temporal_calibration::temporal_validation_calibration::causal_history:XGBoost:Raw,-0.7598925288614373
C,OLS_top50,causal_history::causal_history_ml::XGBoost,-0.7598925288390517
C,OLS_top50,spatial_quantile::knn_spatial_quantile::KNN8_Q25,49.28026850787467
C,OLS_top50,spatial_quantile::knn_spatial_quantile::KNN12_Q40,0.5089139401425841
C,OLS_top50,spatial_quantile::grid_spatial_quantile::Grid4_Q35,2.50564927870433
C,OLS_top50,temporal_calibration::temporal_validation_calibration::spatial_distribution:XGBoost:RawClipped,1.2949796091216526
C,OLS_top50,temporal_calibration::temporal_validation_calibration::spatial_distribution:XGBoost:Raw,1.2949796091046883
C,OLS_top50,temporal_calibration::temporal_validation_calibration::innovation:XGBoost:QuantileMappedClipped,-0.8230212197977884
C,OLS_top50,temporal_calibration::temporal_validation_calibration::innovation:XGBoost:QuantileMapped,-0.8230212198044498
C,OLS_top50,spatial_quantile::grid_spatial_quantile::Grid10_Q20,3.6379729159058107
C,OLS_top50,temporal_calibration::temporal_validation_calibration::local_analog:NGBoost:RawClipped,0.9658355159328994
C,OLS_top50,temporal_calibration::temporal_validation_calibration::local_analog:NGBoost:Raw,0.9658355159375366
C,OLS_top50,local::local_analog_memory_ml::NGBoost,0.9658355159341846
C,OLS_top50,spatial_quantile::grid_spatial_quantile::Grid2_Q35,482.20386644031123
C,OLS_top50,spatial_quantile::grid_spatial_quantile::Grid2_Q40,-243.80913521004638
C,OLS_top50,spatial_quantile::knn_spatial_quantile::KNN120_Q35,-6.477607908710671
C,OLS_top50,spatial_quantile::knn_spatial_quantile::KNN20_Q30,-1.8932869866689543
C,OLS_top50,temporal_calibration::temporal_validation_calibration::local_analog:NGBoost:LogBiasCorrectedClipped,1.0509311839513062
C,OLS_top50,temporal_calibration::temporal_validation_calibration::local_analog:NGBoost:LogBiasCorrected,1.0509311839513062
C,OLS_top50,spatial_quantile::grid_spatial_quantile::Grid10_Q25,-6.361966681222854
C,OLS_top50,innovation::spatial_zone_features::LightGBM,-0.5870239946841682
C,OLS_top50,spatial_quantile::knn_spatial_quantile::KNN120_Q30,7.271744634550336
C,OLS_top50,temporal_calibration::temporal_validation_calibration::spatial_distribution:XGBoost:LogBiasCorrectedClipped,1.3888327645567162
C,OLS_top50,temporal_calibration::temporal_validation_calibration::spatial_distribution:XGBoost:LogBiasCorrected,1.3888327645567162
C,OLS_top50,spatial_quantile::grid_spatial_quantile::Grid2_Q30,-200.64789654386956
C,OLS_top50,temporal_calibration::temporal_validation_calibration::local_analog:ElasticNet:LogBiasCorrectedClipped,-2.028185956995751
C,OLS_top50,temporal_calibration::temporal_validation_calibration::local_analog:ElasticNet:LogBiasCorrected,-2.028185956995751
C,OLS_top50,spatial_quantile::knn_spatial_quantile::KNN8_Q30,-39.72285539441428
C,OLS_top50,spatial_quantile::knn_spatial_quantile::KNN20_Q35,4.609809052766466
C,OLS_top50,temporal_calibration::temporal_validation_calibration::spatial_distribution:XGBoost:QuantileMappedClipped,-1.5916809342034273
C,OLS_top50,temporal_calibration::temporal_validation_calibration::spatial_distribution:XGBoost:QuantileMapped,-1.5916809342120866
C,OLS_top50,spatial_quantile::grid_spatial_quantile::Grid4_Q30,-2.8399384502797043
D,OLS_top50,temporal_calibration::temporal_validation_calibration::causal_history:HistGBR:QuantileMappedClipped,0.7911575736821839
D,OLS_top50,temporal_calibration::temporal_validation_calibration::causal_history:HistGBR:QuantileMapped,0.7911575736816205
D,OLS_top50,temporal_calibration::temporal_validation_calibration::causal_history:HistGBR:MeanStdMappedClipped,8.477893495007875
D,OLS_top50,temporal_calibration::temporal_validation_calibration::causal_history:HistGBR:MeanStdMapped,-4.551172185199015
D,OLS_top50,temporal_calibration::temporal_validation_calibration::external:HistGBR:QuantileMappedClipped,0.14871040061167806
D,OLS_top50,temporal_calibration::temporal_validation_calibration::external:HistGBR:QuantileMapped,0.14871040061207152
D,OLS_top50,temporal_calibration::temporal_validation_calibration::causal_history:LightGBM:MeanStdMappedClipped,-13.65010120146838
D,OLS_top50,temporal_calibration::temporal_validation_calibration::causal_history:HistGBR:RatioScaledClipped,-1.5715329611533662
D,OLS_top50,temporal_calibration::temporal_validation_calibration::causal_history:HistGBR:RatioScaled,-1.5715329611532969
D,OLS_top50,multi_evidence::multi_evidence_fusion::ValBestSingle,-6.064561453162846
D,OLS_top50,multi_evidence::multi_evidence_fusion::Top3Median,17.075040358897038
D,OLS_top50,temporal_calibration::temporal_validation_calibration::external:HistGBR:MeanStdMappedClipped,4.420572094971092
D,OLS_top50,multi_evidence::multi_evidence_fusion::Top5Median,-6.589339156004996
D,OLS_top50,spatial_quantile::grid_spatial_quantile::Grid10_Q75,0.9616813426181148
D,OLS_top50,spatial_quantile::grid_spatial_quantile::Grid6_Q85,0.8873847569784031
D,OLS_top50,temporal_calibration::temporal_validation_calibration::causal_history:LightGBM:MeanStdMapped,13.773087169397963
D,OLS_top50,temporal_calibration::temporal_validation_calibration::causal_history:HistGBR:BiasCorrectedClipped,-1.4382871192540856
D,OLS_top50,temporal_calibration::temporal_validation_calibration::causal_history:HistGBR:BiasCorrected,-1.438287119254064
D,OLS_top50,spatial_quantile::grid_spatial_quantile::Grid6_Q75,0.6405546634579541
D,OLS_top50,temporal_calibration::temporal_validation_calibration::external:HistGBR:MeanStdMapped,-16.57360140688873
D,OLS_top50,temporal_calibration::temporal_validation_calibration::causal_history:HistGBR:LogBiasCorrectedClipped,-1.44571419595636
D,OLS_top50,temporal_calibration::temporal_validation_calibration::causal_history:HistGBR:LogBiasCorrected,-1.445714195956345
D,OLS_top50,multi_evidence::multi_evidence_fusion::Top8Median,15.90118393829571
D,OLS_top50,temporal_calibration::temporal_validation_calibration::causal_history:HistGBR:RawClipped,-1.4382871192544446
D,OLS_top50,temporal_calibration::temporal_validation_calibration::causal_history:HistGBR:Raw,-1.4382871192544344
D,OLS_top50,causal_history::causal_history_ml::HistGBR,-1.4382871192545674
D,OLS_top50,temporal_calibration::temporal_validation_calibration::quantile_gate:QuantileP90:BiasCorrectedClipped,0.08248760452378129
D,OLS_top50,temporal_calibration::temporal_validation_calibration::quantile_gate:QuantileP90:BiasCorrected,0.08248760452378417
D,OLS_top50,temporal_calibration::temporal_validation_calibration::quantile_gate:QuantileP90:RawClipped,0.08248760452401832
D,OLS_top50,temporal_calibration::temporal_validation_calibration::quantile_gate:QuantileP90:Raw,0.08248760452400655
D,OLS_top50,quantile::quantile_regression::QuantileP90,0.08248760452400655
D,OLS_top50,primary_experiment::primary_temporal::NGBoost,-18.144226381802543
D,OLS_top50,temporal_calibration::temporal_validation_calibration::spatial_distribution:ElasticNet:QuantileMappedClipped,-0.24950752629226425
D,OLS_top50,temporal_calibration::temporal_validation_calibration::spatial_distribution:ElasticNet:QuantileMapped,-0.24950752629226425
D,OLS_top50,temporal_calibration::temporal_validation_calibration::quantile_gate:QuantileP90:MeanStdMappedClipped,0.10086739676560187
D,OLS_top50,temporal_calibration::temporal_validation_calibration::quantile_gate:QuantileP90:MeanStdMapped,0.10086739676560187
D,OLS_top50,multi_evidence::multi_evidence_fusion::Top8InvRMSEMean,-8.718198241474969
D,OLS_top50,multi_evidence::multi_evidence_fusion::Top5InvRMSEMean,-1.9809975180188384
D,OLS_top50,multi_evidence::multi_evidence_fusion::Top3InvRMSEMean,-7.772260702009402
D,OLS_top50,spatial_quantile::grid_spatial_quantile::Grid10_Q60,-2.5284503757083314
D,OLS_top50,temporal_calibration::temporal_validation_calibration::causal_history:LightGBM:RatioScaledClipped,-0.9259468024777366
D,OLS_top50,temporal_calibration::temporal_validation_calibration::causal_history:LightGBM:RatioScaled,-0.9259468024777366
D,OLS_top50,temporal_calibration::temporal_validation_calibration::external:HistGBR:BiasCorrectedClipped,14.877307133997663
D,OLS_top50,temporal_calibration::temporal_validation_calibration::external:HistGBR:BiasCorrected,14.877307133997663
D,OLS_top50,temporal_calibration::temporal_validation_calibration::local_analog:LightGBM:RatioScaledClipped,-0.9239836226561575
D,OLS_top50,temporal_calibration::temporal_validation_calibration::local_analog:LightGBM:RatioScaled,-0.923983622656158
D,OLS_top50,innovation::spatial_zone_features::NGBoost,1.2366961719869145
D,OLS_top50,temporal_calibration::temporal_validation_calibration::spatial_distribution:ExtraTrees:MeanStdMappedClipped,0.10154498018531583
D,OLS_top50,temporal_calibration::temporal_validation_calibration::innovation:NGBoost:RatioScaledClipped,7.078370431412207
D,OLS_top50,temporal_calibration::temporal_validation_calibration::innovation:NGBoost:RatioScaled,7.078370431412257
E,OLS_top50,spatial_quantile::grid_spatial_quantile::Grid10_Q75,-7.70681209432386
E,OLS_top50,temporal_calibration::temporal_validation_calibration::causal_history:XGBoost:MeanStdMapped,-6.274677346383815
E,OLS_top50,spatial_quantile::grid_spatial_quantile::Grid5_Q75,10.907314145849622
E,OLS_top50,temporal_calibration::temporal_validation_calibration::local_analog:NGBoost:BiasCorrected,-0.9694408130443427
E,OLS_top50,temporal_calibration::temporal_validation_calibration::local_analog:NGBoost:RatioScaled,-0.9820899737941396
E,OLS_top50,temporal_calibration::temporal_validation_calibration::causal_history:CausalSameLastElseKNN12IDW:MeanStdMapped,-28.30805644499387
E,OLS_top50,temporal_calibration::temporal_validation_calibration::local_analog:NGBoost:Raw,-0.9694408117761134
E,OLS_top50,local::local_analog_memory_ml::NGBoost,-0.9694408133675121
E,OLS_top50,temporal_calibration::temporal_validation_calibration::causal_history:CausalKNN12IDW:MeanStdMapped,-2807.345164121556
E,OLS_top50,temporal_calibration::temporal_validation_calibration::local_analog:AnalogIDW:MeanStdMapped,2821.10884077902
E,OLS_top50,temporal_calibration::temporal_validation_calibration::spatial_distribution:HistGBR:MeanStdMapped,-0.13787954786181703
E,OLS_top50,temporal_calibration::temporal_validation_calibration::local_analog:NGBoost:LogBiasCorrected,-0.9516328154754116
E,OLS_top50,temporal_calibration::temporal_validation_calibration::external:PLSR:MeanStdMapped,-2.7298395935674065
E,OLS_top50,temporal_calibration::temporal_validation_calibration::external:XGBoost:MeanStdMapped,-5.203053402626752
E,OLS_top50,temporal_calibration::temporal_validation_calibration::external:ExtraTrees:RatioScaled,-0.3819647677042049
E,OLS_top50,temporal_calibration::temporal_validation_calibration::spatial_distribution:XGBoost:MeanStdMapped,5.288108745909393
E,OLS_top50,temporal_calibration::temporal_validation_calibration::quantile_gate:GateQ90_P90_pow1.5:Affine,-59.05448174470146
E,OLS_top50,temporal_calibration::temporal_validation_calibration::external:ExtraTrees:BiasCorrected,-0.37032546726292054
E,OLS_top50,temporal_calibration::temporal_validation_calibration::quantile_gate:GateQ90_P90_pow1:RatioScaled,9.706010670935095
E,OLS_top50,temporal_calibration::temporal_validation_calibration::quantile_gate:QuantileP90:Raw,-0.3383538005557618
E,OLS_top50,quantile::quantile_regression::QuantileP90,-0.338353800757897
E,OLS_top50,temporal_calibration::temporal_validation_calibration::quantile_gate:GateQ90_P90_pow1:Affine,9.634229489200894
E,OLS_top50,primary_experiment::primary_temporal::XGBoost_raw,0.2080366595827747
E,OLS_top50,temporal_calibration::temporal_validation_calibration::external:CatBoost:Affine,2.2623733838002362
E,OLS_top50,temporal_calibration::temporal_validation_calibration::external:ExtraTrees:Affine,-0.3611180450024572
E,OLS_top50,temporal_calibration::temporal_validation_calibration::quantile_gate:GateQ90_P90_pow2:Affine,125.42687949076785
E,OLS_top50,temporal_calibration::temporal_validation_calibration::quantile_gate:GateQ90_P90_pow1:BiasCorrected,9.447360709334157
E,OLS_top50,primary_experiment::primary_temporal::RF_raw,0.3012997960213587
E,OLS_top50,temporal_calibration::temporal_validation_calibration::external:NGBoost:MeanStdMapped,12.295534314726703
E,OLS_top50,temporal_calibration::temporal_validation_calibration::external:ExtraTrees:Raw,-0.37032546325682913
E,OLS_top50,external::external_covariates::ExtraTrees,-0.3703254640441802
E,OLS_top50,temporal_calibration::temporal_validation_calibration::external:CatBoost:LogAffine,-0.6375313261357533
E,OLS_top50,temporal_calibration::temporal_validation_calibration::innovation:PLSR:MeanStdMapped,-1.2608571270734847
E,OLS_top50,temporal_calibration::temporal_validation_calibration::quantile_gate:GateQ90_P90_pow1.5:RatioScaled,-54.47799481765204
E,OLS_top50,temporal_calibration::temporal_validation_calibration::local_analog:XGBoost:BiasCorrected,2.563312441419643
E,OLS_top50,temporal_calibration::temporal_validation_calibration::temporal_sequence:LightGBM:MeanStdMapped,0.26121958850138466
E,OLS_top50,temporal_calibration::temporal_validation_calibration::innovation:ElasticNet:MeanStdMapped,2.11542800917758
E,OLS_top50,temporal_calibration::temporal_validation_calibration::local_analog:XGBoost:RatioScaled,2.567685401721095
E,OLS_top50,temporal_calibration::temporal_validation_calibration::quantile_gate:GateQ90_P90_pow1:Raw,9.447360707162625
E,OLS_top50,quantile::risk_gated_quantile::GateQ90_P90_pow1,9.44736070755723
E,OLS_top50,temporal_calibration::temporal_validation_calibration::local_analog:XGBoost:Raw,2.5633124429738037
E,OLS_top50,local::local_analog_memory_ml::XGBoost,2.5633124429738054
E,OLS_top50,temporal_calibration::temporal_validation_calibration::spatial_distribution:ExtraTrees:RatioScaled,-5.631033634751194
E,OLS_top50,spatial_quantile::grid_spatial_quantile::Grid8_Q75,1.0531586027736448
E,OLS_top50,temporal_calibration::temporal_validation_calibration::quantile_gate:QuantileP90:BiasCorrected,-0.3383537985575566
E,OLS_top50,temporal_calibration::temporal_validation_calibration::local_analog:NGBoost:Affine,-0.5794018468152743
E,OLS_top50,primary_experiment::primary_temporal::CatBoost_raw,-0.21449289661466647
E,OLS_top50,temporal_calibration::temporal_validation_calibration::causal_history:ExtraTrees:MeanStdMapped,-1.7889300023561134
E,OLS_top50,temporal_calibration::temporal_validation_calibration::causal_history:CausalSameMaxElseKNN30Q90:Affine,15.552661182229757
E,OLS_top50,temporal_calibration::temporal_validation_calibration::quantile_gate:GateQ90_P90_pow1.5:BiasCorrected,-52.408786154780394
F,OLS_top50,temporal_calibration::temporal_validation_calibration::local_analog:AnalogSameOrNearestMax:MeanStdMappedClipped,1.1635611514897646
F,OLS_top50,temporal_calibration::temporal_validation_calibration::local_analog:AnalogSameOrNearestMax:MeanStdMapped,1.1635611514897637
F,OLS_top50,temporal_calibration::temporal_validation_calibration::causal_history:LightGBM:BiasCorrectedClipped,0.033314303631571916
F,OLS_top50,temporal_calibration::temporal_validation_calibration::causal_history:LightGBM:BiasCorrected,0.033314303631571805
F,OLS_top50,temporal_calibration::temporal_validation_calibration::causal_history:LightGBM:RatioScaledClipped,0.034667123171900294
F,OLS_top50,temporal_calibration::temporal_validation_calibration::causal_history:LightGBM:RatioScaled,0.03466712317190124
F,OLS_top50,temporal_calibration::temporal_validation_calibration::causal_history:LightGBM:AffineClipped,0.02918851557178022
F,OLS_top50,temporal_calibration::temporal_validation_calibration::causal_history:LightGBM:Affine,0.029188515571780385
F,OLS_top50,temporal_calibration::temporal_validation_calibration::causal_history:LightGBM:RawClipped,0.03331430363157337
F,OLS_top50,temporal_calibration::temporal_validation_calibration::causal_history:LightGBM:Raw,0.0333143036315734
F,OLS_top50,causal_history::causal_history_ml::LightGBM,0.033314303631572124
F,OLS_top50,temporal_calibration::temporal_validation_calibration::local_analog:LightGBM:BiasCorrectedClipped,0.014519501353718598
F,OLS_top50,temporal_calibration::temporal_validation_calibration::local_analog:LightGBM:BiasCorrected,0.014519501353717988
F,OLS_top50,temporal_calibration::temporal_validation_calibration::quantile_gate:QuantileP90:RawClipped,-0.17106018379471638
F,OLS_top50,temporal_calibration::temporal_validation_calibration::quantile_gate:QuantileP90:Raw,-0.17106018379471638
F,OLS_top50,quantile::quantile_regression::QuantileP90,-0.17106018379471621
F,OLS_top50,temporal_calibration::temporal_validation_calibration::local_analog:AnalogSameOrNearestMax:QuantileMappedClipped,-0.4169692124472853
F,OLS_top50,temporal_calibration::temporal_validation_calibration::local_analog:AnalogSameOrNearestMax:QuantileMapped,-0.4169692124472853
F,OLS_top50,temporal_calibration::temporal_validation_calibration::causal_history:LightGBM:LogBiasCorrectedClipped,0.030967635775605646
F,OLS_top50,temporal_calibration::temporal_validation_calibration::causal_history:LightGBM:LogBiasCorrected,0.030967635775605646
F,OLS_top50,temporal_calibration::temporal_validation_calibration::external:LightGBM:BiasCorrectedClipped,0.015260775739985464
F,OLS_top50,temporal_calibration::temporal_validation_calibration::external:LightGBM:BiasCorrected,0.015260775739985464
F,OLS_top50,spatial_quantile::knn_spatial_quantile::KNN80_Q85,0.1870878326085879
F,OLS_top50,temporal_calibration::temporal_validation_calibration::local_analog:LightGBM:RawClipped,0.01451950135371746
F,OLS_top50,temporal_calibration::temporal_validation_calibration::local_analog:LightGBM:Raw,0.01451950135371746
F,OLS_top50,local::local_analog_memory_ml::LightGBM,0.01451950135371746
F,OLS_top50,temporal_calibration::temporal_validation_calibration::local_analog:LightGBM:MeanStdMappedClipped,0.01819002764403606
F,OLS_top50,temporal_calibration::temporal_validation_calibration::local_analog:LightGBM:MeanStdMapped,0.01819002764403606
F,OLS_top50,temporal_calibration::temporal_validation_calibration::external:LightGBM:RawClipped,0.015260775739985999
F,OLS_top50,temporal_calibration::temporal_validation_calibration::external:LightGBM:Raw,0.015260775739985999
F,OLS_top50,external::external_covariates::LightGBM,0.015260775739985999
F,OLS_top50,temporal_calibration::temporal_validation_calibration::local_analog:LightGBM:LogBiasCorrectedClipped,0.013758506601937568
F,OLS_top50,temporal_calibration::temporal_validation_calibration::local_analog:LightGBM:LogBiasCorrected,0.013758506601937568
F,OLS_top50,temporal_calibration::temporal_validation_calibration::spatial_distribution:ExtraTrees:BiasCorrectedClipped,0.27733306285877485
F,OLS_top50,temporal_calibration::temporal_validation_calibration::spatial_distribution:ExtraTrees:BiasCorrected,0.27733306285877485
F,OLS_top50,temporal_calibration::temporal_validation_calibration::causal_history:LightGBM:MeanStdMappedClipped,0.06521474324862936
F,OLS_top50,temporal_calibration::temporal_validation_calibration::causal_history:LightGBM:MeanStdMapped,0.06521474324862936
F,OLS_top50,temporal_calibration::temporal_validation_calibration::spatial_distribution:ExtraTrees:MeanStdMappedClipped,0.4874796040584242
F,OLS_top50,temporal_calibration::temporal_validation_calibration::spatial_distribution:ExtraTrees:MeanStdMapped,0.4874796040584242
F,OLS_top50,temporal_calibration::temporal_validation_calibration::local_analog:LightGBM:QuantileMappedClipped,0.7134756160369643
F,OLS_top50,temporal_calibration::temporal_validation_calibration::local_analog:LightGBM:QuantileMapped,0.7134756160369643
F,OLS_top50,spatial_distribution::spatial_distribution_features::LightGBM,-1.273422601637983
F,OLS_top50,temporal_calibration::temporal_validation_calibration::local_analog:HistGBR:BiasCorrectedClipped,-0.6174871721484989
F,OLS_top50,temporal_calibration::temporal_validation_calibration::local_analog:HistGBR:BiasCorrected,-0.6174871721484989
F,OLS_top50,temporal_calibration::temporal_validation_calibration::spatial_distribution:ExtraTrees:QuantileMappedClipped,-0.6906614230182905
F,OLS_top50,temporal_calibration::temporal_validation_calibration::spatial_distribution:ExtraTrees:QuantileMapped,-0.6906614230182905
F,OLS_top50,temporal_calibration::temporal_validation_calibration::external:LightGBM:AffineClipped,0.007825937177153934
F,OLS_top50,temporal_calibration::temporal_validation_calibration::external:LightGBM:Affine,0.007825937177153906
F,OLS_top50,temporal_calibration::temporal_validation_calibration::quantile_gate:QuantileP75:RawClipped,0.41776693123982866
F,OLS_top50,temporal_calibration::temporal_validation_calibration::quantile_gate:QuantileP75:Raw,0.4177669312398289
G,OLS_top50,spatial_quantile::knn_spatial_quantile::KNN20_Q45,6.68876185011275
G,OLS_top50,spatial_quantile::knn_spatial_quantile::KNN20_Q50,-7.295303315773411
G,OLS_top50,spatial_quantile::knn_spatial_quantile::KNN20_Q40,-4.273049655859445
G,OLS_top50,temporal_calibration::temporal_validation_calibration::external:HistGBR:QuantileMappedClipped,1.666684164056986
G,OLS_top50,temporal_calibration::temporal_validation_calibration::external:HistGBR:QuantileMapped,1.6666841640568937
G,OLS_top50,temporal_calibration::temporal_validation_calibration::local_analog:NGBoost:QuantileMappedClipped,-3.064916070057749
G,OLS_top50,temporal_calibration::temporal_validation_calibration::local_analog:NGBoost:QuantileMapped,-3.0649160700576425
G,OLS_top50,temporal_calibration::temporal_validation_calibration::local_analog:LightGBM:RatioScaledClipped,0.03268746969263725
G,OLS_top50,temporal_calibration::temporal_validation_calibration::local_analog:LightGBM:RatioScaled,0.032687469692708526
G,OLS_top50,spatial_quantile::knn_spatial_quantile::KNN20_Q55,3.7270536919287753
G,OLS_top50,temporal_calibration::temporal_validation_calibration::external:HistGBR:RatioScaledClipped,-0.4911603107509478
G,OLS_top50,temporal_calibration::temporal_validation_calibration::external:HistGBR:RatioScaled,-0.49116031075075306
G,OLS_top50,temporal_calibration::temporal_validation_calibration::innovation:XGBoost:RatioScaledClipped,-0.243771748663141
G,OLS_top50,temporal_calibration::temporal_validation_calibration::innovation:XGBoost:RatioScaled,-0.24377174866312046
G,OLS_top50,spatial_quantile::grid_spatial_quantile::Grid4_Q55,26.86166194582206
G,OLS_top50,spatial_quantile::knn_spatial_quantile::KNN30_Q55,8.901095050714169
G,OLS_top50,spatial_quantile::knn_spatial_quantile::KNN30_Q50,-12.624236527725222
G,OLS_top50,spatial_quantile::grid_spatial_quantile::Grid4_Q50,-38.10843118984846
G,OLS_top50,temporal_calibration::temporal_validation_calibration::innovation:XGBoost:QuantileMappedClipped,0.7921055703893308
G,OLS_top50,temporal_calibration::temporal_validation_calibration::innovation:XGBoost:QuantileMapped,0.7921055703892242
G,OLS_top50,spatial_quantile::grid_spatial_quantile::Grid4_Q60,-1.4335048849340413
G,OLS_top50,spatial_quantile::grid_spatial_quantile::Grid5_Q50,1.6320661714849283
G,OLS_top50,temporal_calibration::temporal_validation_calibration::innovation:XGBoost:LogBiasCorrectedClipped,-0.25236272367048934
G,OLS_top50,temporal_calibration::temporal_validation_calibration::innovation:XGBoost:LogBiasCorrected,-0.2523627236704831
G,OLS_top50,temporal_calibration::temporal_validation_calibration::external:NGBoost:RatioScaledClipped,0.12038194669498825
G,OLS_top50,temporal_calibration::temporal_validation_calibration::external:NGBoost:RatioScaled,0.12038194669499358
G,OLS_top50,temporal_calibration::temporal_validation_calibration::external:HistGBR:LogBiasCorrectedClipped,-0.558780679996782
G,OLS_top50,temporal_calibration::temporal_validation_calibration::external:HistGBR:LogBiasCorrected,-0.5587806799967838
G,OLS_top50,spatial_quantile::knn_spatial_quantile::KNN20_Q35,0.146974078332125
G,OLS_top50,spatial_quantile::grid_spatial_quantile::Grid10_Q45,-0.8836561084646474
G,OLS_top50,spatial_quantile::grid_spatial_quantile::Grid4_Q45,13.377694869495091
G,OLS_top50,temporal_calibration::temporal_validation_calibration::local_analog:HistGBR:RatioScaledClipped,-0.0935131822671546
G,OLS_top50,temporal_calibration::temporal_validation_calibration::local_analog:HistGBR:RatioScaled,-0.0935131822671546
G,OLS_top50,temporal_calibration::temporal_validation_calibration::external:XGBoost:QuantileMappedClipped,-0.8270605682671407
G,OLS_top50,temporal_calibration::temporal_validation_calibration::external:XGBoost:QuantileMapped,-0.8270605682671407
G,OLS_top50,temporal_calibration::temporal_validation_calibration::innovation:PLSR:LogBiasCorrectedClipped,0.38853599900554764
G,OLS_top50,temporal_calibration::temporal_validation_calibration::innovation:PLSR:LogBiasCorrected,0.38853599900554764
G,OLS_top50,spatial_quantile::grid_spatial_quantile::Grid10_Q40,0.45017552335112776
G,OLS_top50,spatial_quantile::knn_spatial_quantile::KNN80_Q55,2.3538243627142923
G,OLS_top50,spatial_quantile::grid_spatial_quantile::Grid5_Q55,-4.084196368623031
G,OLS_top50,temporal_calibration::temporal_validation_calibration::local_analog:CatBoost:LogBiasCorrectedClipped,1.00416516636602
G,OLS_top50,temporal_calibration::temporal_validation_calibration::local_analog:CatBoost:LogBiasCorrected,1.00416516636602
G,OLS_top50,spatial_quantile::knn_spatial_quantile::KNN50_Q50,-1.1376129555173435
G,OLS_top50,temporal_calibration::temporal_validation_calibration::local_analog:NGBoost:LogBiasCorrectedClipped,2.430771439167232
G,OLS_top50,temporal_calibration::temporal_validation_calibration::local_analog:NGBoost:LogBiasCorrected,2.430771439167232
G,OLS_top50,temporal_calibration::temporal_validation_calibration::external:NGBoost:LogBiasCorrectedClipped,0.14087510152701532
G,OLS_top50,temporal_calibration::temporal_validation_calibration::external:NGBoost:LogBiasCorrected,0.1408751015270152
G,OLS_top50,temporal_calibration::temporal_validation_calibration::spatial_distribution:ExtraTrees:QuantileMappedClipped,0.2810433817029433
G,OLS_top50,temporal_calibration::temporal_validation_calibration::spatial_distribution:ExtraTrees:QuantileMapped,0.2810433817030036
G,OLS_top50,temporal_calibration::temporal_validation_calibration::multitask_latent:Latent_Ridge:QuantileMappedClipped,-0.7362329433096471
H,OLS_top50,temporal_calibration::temporal_validation_calibration::multitask_latent:Latent_Ridge:QuantileMappedClipped,-0.22261676563101898
H,OLS_top50,temporal_calibration::temporal_validation_calibration::multitask_latent:Latent_Ridge:QuantileMapped,-0.22261767302882746
H,OLS_top50,temporal_calibration::temporal_validation_calibration::quantile_gate:QuantileP50:AffineClipped,624.8730025868429
H,OLS_top50,temporal_calibration::temporal_validation_calibration::quantile_gate:QuantileP50:Affine,-11672.19615894376
H,OLS_top50,temporal_calibration::temporal_validation_calibration::multitask_latent:Latent_RF:QuantileMappedClipped,0.6671561861583197
H,OLS_top50,temporal_calibration::temporal_validation_calibration::multitask_latent:Latent_RF:QuantileMapped,0.6671549261234415
H,OLS_top50,temporal_calibration::temporal_validation_calibration::quantile_gate:QuantileP50:LogAffineClipped,3676.696997427736
H,OLS_top50,temporal_calibration::temporal_validation_calibration::quantile_gate:QuantileP50:LogAffine,11525.270286535746
H,OLS_top50,temporal_calibration::temporal_validation_calibration::quantile_gate:GateQ90_P90_pow2:MeanStdMappedClipped,-317.15007351335015
H,OLS_top50,temporal_calibration::temporal_validation_calibration::quantile_gate:GateQ90_P90_pow2:MeanStdMapped,6852.743393867541
H,OLS_top50,temporal_calibration::temporal_validation_calibration::quantile_gate:QuantileP50:QuantileMappedClipped,5.812844045576079
H,OLS_top50,temporal_calibration::temporal_validation_calibration::quantile_gate:QuantileP50:QuantileMapped,5.81284411470086
H,OLS_top50,temporal_calibration::temporal_validation_calibration::quantile_gate:GateQ90_P90_pow2:AffineClipped,9721.971888155695
H,OLS_top50,temporal_calibration::temporal_validation_calibration::quantile_gate:GateQ90_P90_pow2:Affine,13416.303807367014
H,OLS_top50,temporal_calibration::temporal_validation_calibration::quantile_gate:GateQ90_P90_pow2:QuantileMappedClipped,-1.7878015435732904
H,OLS_top50,temporal_calibration::temporal_validation_calibration::quantile_gate:GateQ90_P90_pow2:QuantileMapped,-1.7878015495031958
H,OLS_top50,temporal_calibration::temporal_validation_calibration::multitask_latent:Latent_RF:LogAffineClipped,22.6199197105455
H,OLS_top50,temporal_calibration::temporal_validation_calibration::multitask_latent:Latent_RF:LogAffine,22.619919711631436
H,OLS_top50,temporal_calibration::temporal_validation_calibration::multitask_latent:Latent_RF:AffineClipped,-15.742947673924832
H,OLS_top50,temporal_calibration::temporal_validation_calibration::multitask_latent:Latent_RF:Affine,-15.742947672801606
H,OLS_top50,temporal_calibration::temporal_validation_calibration::quantile_gate:GateQ90_P90_pow1.5:MeanStdMappedClipped,150.7564370908702
H,OLS_top50,temporal_calibration::temporal_validation_calibration::quantile_gate:GateQ90_P90_pow1.5:MeanStdMapped,-5185.059916646887
H,OLS_top50,temporal_calibration::temporal_validation_calibration::quantile_gate:QuantileP50:RatioScaledClipped,-116.76225070461777
H,OLS_top50,temporal_calibration::temporal_validation_calibration::quantile_gate:QuantileP50:RatioScaled,-116.76225070462868
H,OLS_top50,temporal_calibration::temporal_validation_calibration::quantile_gate:GateQ90_P90_pow2:RatioScaledClipped,11528.408233113076
H,OLS_top50,temporal_calibration::temporal_validation_calibration::quantile_gate:GateQ90_P90_pow2:RatioScaled,11528.408233113076
H,OLS_top50,temporal_calibration::temporal_validation_calibration::quantile_gate:GateQ90_P90_pow1.5:AffineClipped,-1697.211559938901
H,OLS_top50,temporal_calibration::temporal_validation_calibration::quantile_gate:GateQ90_P90_pow1.5:Affine,-1697.211559938901
H,OLS_top50,temporal_calibration::temporal_validation_calibration::quantile_gate:GateQ90_P90_pow1.5:RatioScaledClipped,-1579.4952926876435
H,OLS_top50,temporal_calibration::temporal_validation_calibration::quantile_gate:GateQ90_P90_pow1.5:RatioScaled,-1579.4952926876435
H,OLS_top50,temporal_calibration::temporal_validation_calibration::quantile_gate:GateQ90_P90_pow2:LogAffineClipped,-31367.557000988832
H,OLS_top50,temporal_calibration::temporal_validation_calibration::quantile_gate:GateQ90_P90_pow2:LogAffine,-31367.557000988832
H,OLS_top50,temporal_calibration::temporal_validation_calibration::quantile_gate:GateQ80_P75_pow2:LogAffineClipped,18.90872494146035
H,OLS_top50,temporal_calibration::temporal_validation_calibration::multitask_latent:Latent_Ridge:LogAffineClipped,-430.3368649236074
H,OLS_top50,temporal_calibration::temporal_validation_calibration::multitask_latent:Latent_Ridge:LogAffine,-430.3368649236074
H,OLS_top50,temporal_calibration::temporal_validation_calibration::quantile_gate:GateQ80_P75_pow2:LogAffine,-3.2722316347798968
H,OLS_top50,temporal_calibration::temporal_validation_calibration::quantile_gate:GateQ90_P90_pow1.5:QuantileMappedClipped,-4.830027438830319
H,OLS_top50,temporal_calibration::temporal_validation_calibration::quantile_gate:GateQ90_P90_pow1.5:QuantileMapped,-4.830027438830092
H,OLS_top50,temporal_calibration::temporal_validation_calibration::multitask_latent:Latent_ExtraTrees:AffineClipped,-110.40921001094281
H,OLS_top50,temporal_calibration::temporal_validation_calibration::multitask_latent:Latent_ExtraTrees:Affine,-110.40921001094281
H,OLS_top50,temporal_calibration::temporal_validation_calibration::multitask_latent:Latent_Ridge:AffineClipped,327.51435007216276
H,OLS_top50,temporal_calibration::temporal_validation_calibration::multitask_latent:Latent_Ridge:Affine,327.51435007216276
H,OLS_top50,temporal_calibration::temporal_validation_calibration::multitask_latent:Latent_ExtraTrees:LogAffineClipped,159.6366886833562
H,OLS_top50,temporal_calibration::temporal_validation_calibration::multitask_latent:Latent_ExtraTrees:LogAffine,159.6366886833562
H,OLS_top50,temporal_calibration::temporal_validation_calibration::quantile_gate:GateQ90_P90_pow1.5:LogAffineClipped,7240.750550146769
H,OLS_top50,temporal_calibration::temporal_validation_calibration::quantile_gate:GateQ90_P90_pow1.5:LogAffine,7240.750550146769
H,OLS_top50,temporal_calibration::temporal_validation_calibration::quantile_gate:GateQ90_P90_pow1:RatioScaledClipped,60.65359330655574
H,OLS_top50,temporal_calibration::temporal_validation_calibration::quantile_gate:GateQ90_P90_pow1:RatioScaled,60.653593307126904
H,OLS_top50,temporal_calibration::temporal_validation_calibration::quantile_gate:QuantileP50:LogBiasCorrectedClipped,-63.230069338913026
H,OLS_top50,temporal_calibration::temporal_validation_calibration::quantile_gate:QuantileP50:LogBiasCorrected,-63.23006934314925
